distance, gain, width, angle, more, less 

1, 1, 1, 0.02508903, 1, 0
1, 1, 1, -1.3295, 1, 0
1, 1, 1, -1.095952, 1, 0
1, 1, 1, -0.2197483, 1, 0
1, 1, 1, -0.5678442, 1, 0
1, 1, 1, -1.025161, 1, 0
1, 1, 1, -1.229957, 1, 0
1, 1, 1, -2.428977, 1, 0
